ts,size,n,m,p,totaltime
1718552002660,2,100,100,100,4911
1718552013776,3,100,100,100,2611
1718552021812,4,100,100,100,1951
1718552181624,2,100,100,100,4806
1718552192013,3,100,100,100,3045
1718552200812,4,100,100,100,2108
1718552209180,5,100,100,100,2507
1718552217416,6,100,100,100,2496
1718552226204,7,100,100,100,2412
1718552234580,8,100,100,100,2279
1718552243716,9,100,100,100,3032
1718552252400,10,100,100,100,2472
1718552260340,11,100,100,100,2411
1718552268588,12,100,100,100,3300
1718552828990,2,100,100,100,4705
1718552838542,2,100,100,100,4866
1718552848375,2,100,100,100,4971
1718552858405,2,100,100,100,4970
1718552868431,2,100,100,100,5841
1718552879323,2,100,100,100,5673
1718552891342,2,100,100,100,4759
1718558951220,2,100,100,100,4592
1718558960645,2,100,100,100,4689
1718558970240,2,100,100,100,4581
1718558979629,2,100,100,100,4701
1718558988918,2,100,100,100,4677
1718558998554,2,100,100,100,4633
1718559008104,2,100,100,100,4574
1718559017602,2,100,100,100,4466
1718559027177,2,100,100,100,4646
1718559036909,2,100,100,100,5188
1718559047005,2,100,100,100,4635
1718559056515,2,100,100,100,4654
1718559066198,2,100,100,100,4656
1718559076014,2,100,100,100,4593
1718559085926,2,100,100,100,4642
1718559095506,2,100,100,100,4913
1718559105772,2,100,100,100,4687
1718559115652,2,100,100,100,4677
1718559125350,2,100,100,100,4748
1718559135378,2,100,100,100,6891
1718559148471,2,100,100,100,4598
1718559159170,2,100,100,100,5249
1718559169900,2,100,100,100,4582
1718559179930,2,100,100,100,4636
1718559189793,2,100,100,100,4717
1718559199815,2,100,100,100,4569
1718559210064,2,100,100,100,6143
1718559222463,2,100,100,100,7120
1718559237299,2,100,100,100,4989
1718559248207,2,100,100,100,4696
1718559258673,2,100,100,100,4559
1718559268914,2,100,100,100,4626
1718559279442,2,100,100,100,4715
1718559289938,2,100,100,100,4618
1718559300289,2,100,100,100,4800
1718559310971,2,100,100,100,4620
1718559321727,2,100,100,100,4649
1718559332863,2,100,100,100,4605
1718559343750,2,100,100,100,4726
1718559354455,2,100,100,100,4592
1718559364799,2,100,100,100,4650
1718559375648,2,100,100,100,4579
1718559386402,2,100,100,100,4676
1718559397091,2,100,100,100,5213
1718559408979,2,100,100,100,4580
1718559419886,2,100,100,100,4618
1718559430744,2,100,100,100,4616
1718559441703,2,100,100,100,4779
1718559452760,2,100,100,100,4624
1718559463681,2,100,100,100,4698
1718559474417,2,100,100,100,4575
1718559485531,2,100,100,100,4664
1718559496588,2,100,100,100,4682
1718559507243,2,100,100,100,4690
1718559517807,2,100,100,100,4569
1718559528805,2,100,100,100,4606
1718559539542,2,100,100,100,4582
1718559550140,2,100,100,100,4646
1718559560789,2,100,100,100,4657
1718559571923,2,100,100,100,4993
1718559583931,2,100,100,100,4550
1718559595201,2,100,100,100,4627
1718559606513,2,100,100,100,4708
1718559617419,2,100,100,100,4598
1718559628997,2,100,100,100,7104
1718559644760,2,100,100,100,4754
1718559655510,2,100,100,100,4769
1718559667234,2,100,100,100,4581
1718559678135,2,100,100,100,4652
1718559689609,2,100,100,100,4639
1718559701073,2,100,100,100,4746
1718559712171,2,100,100,100,4715
1718559723810,2,100,100,100,4582
1718559735230,2,100,100,100,4610
1718559746233,2,100,100,100,4659
1718559757811,2,100,100,100,4650
1718559770500,2,100,100,100,4666
1718559781931,2,100,100,100,4718
1718559793059,2,100,100,100,4658
1718559804232,2,100,100,100,4773
1718559815862,2,100,100,100,6985
1718559831026,2,100,100,100,6885
1718559846577,2,100,100,100,4830
1718559858390,2,100,100,100,4705
1718559870480,2,100,100,100,4776
1718559882005,2,100,100,100,10166
1718559900627,2,100,100,100,4520
1718559914361,2,100,100,100,4632
1718559926136,2,100,100,100,4569
1718559938060,2,100,100,100,4609
1718559950310,2,100,100,100,4601
1718559962280,2,100,100,100,4662
1718559973748,2,100,100,100,4625
1718559985935,2,100,100,100,4652
1718559996996,2,100,100,100,4862
1718560009132,2,100,100,100,4689
1718560020528,2,100,100,100,4603
1718560032578,2,100,100,100,4693
1718560044916,2,100,100,100,4625
1718560057279,2,100,100,100,4676
1718560069742,3,100,100,100,2648
1718560080128,3,100,100,100,2655
1718560090590,3,100,100,100,2688
1718560100350,3,100,100,100,2677
1718560110960,3,100,100,100,2704
1718560120812,3,100,100,100,2780
1718560130637,3,100,100,100,2699
1718560140549,3,100,100,100,2773
1718560150131,3,100,100,100,2604
1718560159706,3,100,100,100,2720
1718560169216,3,100,100,100,2703
1718560179829,3,100,100,100,2790
1718560190314,3,100,100,100,2712
1718560200501,3,100,100,100,2755
1718560211209,3,100,100,100,2664
1718560221173,3,100,100,100,2599
1718560230762,3,100,100,100,2676
1718560241315,3,100,100,100,2757
1718560251068,3,100,100,100,2638
1718560261121,3,100,100,100,2729
1718560270712,3,100,100,100,2702
1718560280449,3,100,100,100,2722
1718560290030,3,100,100,100,2656
1718560299616,3,100,100,100,2697
1718560311057,3,100,100,100,2675
1718560320777,3,100,100,100,2834
1718560330546,3,100,100,100,2738
1718560341268,3,100,100,100,2730
1718560352001,3,100,100,100,2687
1718560361834,3,100,100,100,2845
1718560372650,3,100,100,100,2746
1718560382620,3,100,100,100,2698
1718560392352,3,100,100,100,2572
1718560402328,3,100,100,100,2590
1718560412190,3,100,100,100,2639
1718560421753,3,100,100,100,2852
1718560431871,3,100,100,100,2723
1718560441801,3,100,100,100,3748
1718560453324,3,100,100,100,2876
1718560464324,3,100,100,100,2696
1718560474354,3,100,100,100,2585
1718560485757,3,100,100,100,2739
1718560496693,3,100,100,100,2689
1718560506733,3,100,100,100,2711
1718560516704,3,100,100,100,2910
1718560527606,3,100,100,100,2629
1718560537750,3,100,100,100,2631
1718560547891,3,100,100,100,2697
1718560557820,3,100,100,100,2672
1718560567662,3,100,100,100,2631
1718560578654,3,100,100,100,2670
1718560589350,3,100,100,100,3835
1718560600821,3,100,100,100,2701
1718560611884,3,100,100,100,2674
1718560622532,3,100,100,100,2668
1718560632777,3,100,100,100,2780
1718560642764,3,100,100,100,2628
1718560652744,3,100,100,100,2703
1718560663092,3,100,100,100,2690
1718560673228,3,100,100,100,2575
1718560683787,3,100,100,100,2615
1718560693901,3,100,100,100,2611
1718560704816,3,100,100,100,2718
1718560715009,3,100,100,100,2697
1718560725143,3,100,100,100,2733
1718560736122,3,100,100,100,2695
1718560746438,3,100,100,100,2761
1718560757602,3,100,100,100,2677
1718560767991,3,100,100,100,2751
1718560778998,3,100,100,100,2579
1718560788956,3,100,100,100,2668
1718560799164,3,100,100,100,2535
1718560809212,3,100,100,100,2662
1718560819141,3,100,100,100,2608
1718560830761,3,100,100,100,2745
1718560840980,3,100,100,100,2684
1718560851832,3,100,100,100,2813
1718560862247,3,100,100,100,2568
1718560872603,3,100,100,100,2628
1718560882924,3,100,100,100,2706
1718560894248,3,100,100,100,2648
1718560904739,3,100,100,100,2688
1718560915090,3,100,100,100,2709
1718560925844,3,100,100,100,2619
1718560937194,3,100,100,100,2676
1718560947559,3,100,100,100,2826
1718560958043,3,100,100,100,2742
1718560968442,3,100,100,100,2665
1718560978991,3,100,100,100,2631
1718560990132,3,100,100,100,2655
1718561001212,3,100,100,100,2825
1718561011876,3,100,100,100,2673
1718561022873,3,100,100,100,2608
1718561033054,3,100,100,100,2713
1718561043108,3,100,100,100,2530
1718561053233,3,100,100,100,2670
1718561063268,3,100,100,100,2720
1718561074414,3,100,100,100,2630
1718561084918,3,100,100,100,2597
1718561094909,3,100,100,100,2705
1718561105148,4,100,100,100,1975
1718561114892,4,100,100,100,1979
1718561124592,4,100,100,100,1956
1718561134060,4,100,100,100,1974
1718561143976,4,100,100,100,1972
1718561153652,4,100,100,100,1938
1718561163216,4,100,100,100,1976
1718561172832,4,100,100,100,1955
1718561182152,4,100,100,100,1941
1718561191572,4,100,100,100,1981
1718561202312,4,100,100,100,1952
1718561212568,4,100,100,100,1918
1718561222256,4,100,100,100,2029
1718561232164,4,100,100,100,2039
1718561242052,4,100,100,100,2030
1718561251680,4,100,100,100,2023
1718561261420,4,100,100,100,1932
1718561271052,4,100,100,100,1991
1718561282468,4,100,100,100,2014
1718561292544,4,100,100,100,2090
1718561302764,4,100,100,100,1932
1718561312400,4,100,100,100,1944
1718561322440,4,100,100,100,2012
1718561332400,4,100,100,100,2096
1718561342876,4,100,100,100,1906
1718561353868,4,100,100,100,1969
1718561364232,4,100,100,100,2019
1718561374468,4,100,100,100,1879
1718561386552,4,100,100,100,1954
1718561396780,4,100,100,100,1911
1718561406676,4,100,100,100,2007
1718561416128,4,100,100,100,2045
1718561425900,4,100,100,100,2064
1718561435936,4,100,100,100,1934
1718561446276,4,100,100,100,1921
1718561456208,4,100,100,100,2084
1718561466529,4,100,100,100,1971
1718561476817,4,100,100,100,1992
1718561487001,4,100,100,100,2007
1718561496836,4,100,100,100,1992
1718561507000,4,100,100,100,1921
1718561516808,4,100,100,100,2055
1718561526960,4,100,100,100,1937
1718561537032,4,100,100,100,1948
1718561547040,4,100,100,100,1991
1718561557072,4,100,100,100,2477
1718561568192,4,100,100,100,2001
1718561578264,4,100,100,100,2041
1718561588780,4,100,100,100,1972
1718561598680,4,100,100,100,1960
1718561608564,4,100,100,100,1930
1718561618392,4,100,100,100,1916
1718561628072,4,100,100,100,2003
1718561638984,4,100,100,100,1980
1718561649228,4,100,100,100,1919
1718561659912,4,100,100,100,1926
1718561671012,4,100,100,100,1955
1718561681241,4,100,100,100,1971
1718561691288,4,100,100,100,2345
1718561701928,4,100,100,100,2047
1718561712984,4,100,100,100,2036
1718561724532,4,100,100,100,1989
1718561735108,4,100,100,100,1979
1718561745556,4,100,100,100,1942
1718561755500,4,100,100,100,1972
1718561765784,4,100,100,100,2076
1718561775964,4,100,100,100,1966
1718561786172,4,100,100,100,2037
1718561796356,4,100,100,100,1993
1718561806704,4,100,100,100,2012
1718561817852,4,100,100,100,2016
1718561829120,4,100,100,100,1964
1718561839360,4,100,100,100,1961
1718561849456,4,100,100,100,1987
1718561859632,4,100,100,100,1916
1718561869360,4,100,100,100,1991
1718561879444,4,100,100,100,1960
1718561890648,4,100,100,100,2001
1718561901316,4,100,100,100,1927
1718561912332,4,100,100,100,2037
1718561923008,4,100,100,100,1998
1718561933272,4,100,100,100,1900
1718561943804,4,100,100,100,2037
1718561953948,4,100,100,100,1997
1718561965088,4,100,100,100,1994
1718561976040,4,100,100,100,1991
1718561986932,4,100,100,100,1924
1718561997144,4,100,100,100,2003
1718562008228,4,100,100,100,1961
1718562018888,4,100,100,100,2006
1718562029232,4,100,100,100,1926
1718562039620,4,100,100,100,2031
1718562051648,4,100,100,100,1953
1718562062184,4,100,100,100,2001
1718562072112,4,100,100,100,2016
1718562082312,4,100,100,100,1937
1718562093625,4,100,100,100,2005
1718562105808,4,100,100,100,2163
1718562116876,4,100,100,100,2093
1718562127328,4,100,100,100,2022
1718562138952,5,100,100,100,2114
1718562150072,5,100,100,100,2177
1718562161567,5,100,100,100,2322
1718562172341,5,100,100,100,2388
1718562182772,5,100,100,100,2181
1718562193056,5,100,100,100,2224
1718562203928,5,100,100,100,2183
1718562215392,5,100,100,100,2187
1718562226856,5,100,100,100,2272
1718562238284,5,100,100,100,2309
1718562249180,5,100,100,100,2220
1718562260760,5,100,100,100,2097
1718562271232,5,100,100,100,2107
1718562282024,5,100,100,100,2240
1718562293340,5,100,100,100,2123
1718562303916,5,100,100,100,2229
1718562314641,5,100,100,100,2183
1718562326220,5,100,100,100,2075
1718562337064,5,100,100,100,2241
1718562348724,5,100,100,100,2209
1718562360208,5,100,100,100,2172
1718562371112,5,100,100,100,2207
1718562382748,5,100,100,100,2243
1718562394812,5,100,100,100,2176
1718562405596,5,100,100,100,2335
1718562416640,5,100,100,100,2236
1718562427268,5,100,100,100,2305
1718562437980,5,100,100,100,2178
1718562449572,5,100,100,100,1934
1718562461192,5,100,100,100,2231
1718562472464,5,100,100,100,2193
1718562483488,5,100,100,100,2297
1718562494288,5,100,100,100,2271
1718562505252,5,100,100,100,2092
1718562515664,5,100,100,100,2199
1718562526112,5,100,100,100,2266
1718562537900,5,100,100,100,2173
1718562548604,5,100,100,100,2228
1718562559296,5,100,100,100,2187
1718562570284,5,100,100,100,2120
1718562580584,5,100,100,100,2228
1718562591424,5,100,100,100,2172
1718562601880,5,100,100,100,2211
1718562612324,5,100,100,100,2308
1718562623068,5,100,100,100,2245
1718562633864,5,100,100,100,2156
1718562644604,5,100,100,100,2297
1718562656484,5,100,100,100,2236
1718562668308,5,100,100,100,2216
1718562679176,5,100,100,100,2222
1718562689736,5,100,100,100,2127
1718562700328,5,100,100,100,2194
1718562711072,5,100,100,100,2239
1718562721820,5,100,100,100,2219
1718562732228,5,100,100,100,2205
1718562742808,5,100,100,100,2229
1718562754772,5,100,100,100,2179
1718562765560,5,100,100,100,2094
1718562775984,5,100,100,100,2224
1718562786648,5,100,100,100,2177
1718562797356,5,100,100,100,2166
1718562808272,5,100,100,100,2089
1718562818956,5,100,100,100,2233
1718562830680,5,100,100,100,2124
1718562841060,5,100,100,100,2131
1718562852776,5,100,100,100,2207
1718562863920,5,100,100,100,2335
1718562875808,5,100,100,100,2055
1718562886456,5,100,100,100,2300
1718562897648,5,100,100,100,2366
1718562908872,5,100,100,100,2190
1718562919504,5,100,100,100,2210
1718562931372,5,100,100,100,2102
1718562942240,5,100,100,100,2202
1718562952904,5,100,100,100,2188
1718562963708,5,100,100,100,2225
1718562974528,5,100,100,100,2298
1718562985392,5,100,100,100,2293
1718562996248,5,100,100,100,2689
1718563007588,5,100,100,100,2208
1718563020560,5,100,100,100,2199
1718563031604,5,100,100,100,2113
1718563043398,5,100,100,100,2135
1718563054344,5,100,100,100,2100
1718563065104,5,100,100,100,2299
1718563077320,5,100,100,100,2230
1718563088684,5,100,100,100,2201
1718563100612,5,100,100,100,2196
1718563111748,5,100,100,100,2290
1718563123280,5,100,100,100,2086
1718563133880,5,100,100,100,2210
1718563145008,5,100,100,100,2226
1718563156016,5,100,100,100,2139
1718563167988,5,100,100,100,2523
1718563180628,5,100,100,100,2055
1718563193088,5,100,100,100,2154
1718563204212,5,100,100,100,2250
1718563215056,5,100,100,100,2330
1718563227024,5,100,100,100,2322
1718563239060,5,100,100,100,2072
1718563250936,6,100,100,100,2163
1718563261956,6,100,100,100,2244
1718563273024,6,100,100,100,2254
1718563284000,6,100,100,100,2253
1718563295004,6,100,100,100,1980
1718563306440,6,100,100,100,2146
1718563317228,6,100,100,100,2148
1718563329316,6,100,100,100,2765
1718563342111,6,100,100,100,2250
1718563354380,6,100,100,100,2237
1718563366292,6,100,100,100,2246
1718563378732,6,100,100,100,2257
1718563389984,6,100,100,100,2276
1718563401280,6,100,100,100,2236
1718563412276,6,100,100,100,2229
1718563423268,6,100,100,100,1915
1718563434031,6,100,100,100,2231
1718563445008,6,100,100,100,2173
1718563456568,6,100,100,100,2261
1718563467764,6,100,100,100,2261
1718563478844,6,100,100,100,2161
1718563490228,6,100,100,100,2157
1718563501620,6,100,100,100,2237
1718563512888,6,100,100,100,2258
1718563524632,6,100,100,100,2257
1718563536342,6,100,100,100,2916
1718563549056,6,100,100,100,2002
1718563560204,6,100,100,100,2244
1718563571632,6,100,100,100,2267
1718563582904,6,100,100,100,2216
1718563594536,6,100,100,100,2189
1718563605685,6,100,100,100,2059
1718563616652,6,100,100,100,2168
1718563627764,6,100,100,100,2269
1718563640432,6,100,100,100,2271
1718563651840,6,100,100,100,2181
1718563663076,6,100,100,100,2276
1718563674552,6,100,100,100,2063
1718563685684,6,100,100,100,2222
1718563696832,6,100,100,100,2310
1718563708113,6,100,100,100,2284
1718563719536,6,100,100,100,2290
1718563731800,6,100,100,100,2102
1718563742976,6,100,100,100,2357
1718563754292,6,100,100,100,2234
1718563765688,6,100,100,100,2221
1718563777032,6,100,100,100,2256
1718563788548,6,100,100,100,2044
1718563799280,6,100,100,100,2222
1718563810720,6,100,100,100,2272
1718563821968,6,100,100,100,2286
1718563833684,6,100,100,100,2264
1718563845120,6,100,100,100,2043
1718563856640,6,100,100,100,2244
1718563868288,6,100,100,100,2206
1718563879888,6,100,100,100,2187
1718563891224,6,100,100,100,2274
1718563903292,6,100,100,100,2104
1718563915632,6,100,100,100,2221
1718563927212,6,100,100,100,2193
1718563938724,6,100,100,100,2272
1718563950576,6,100,100,100,2303
1718563962016,6,100,100,100,2239
1718563974404,6,100,100,100,2085
1718563986008,6,100,100,100,2263
1718563998272,6,100,100,100,2206
1718564009584,6,100,100,100,2128
1718564020772,6,100,100,100,2166
1718564032124,6,100,100,100,2074
1718564043636,6,100,100,100,2140
1718564055080,6,100,100,100,2305
1718564066768,6,100,100,100,2217
1718564078204,6,100,100,100,2166
1718564090428,6,100,100,100,2125
1718564102055,6,100,100,100,2170
1718564113564,6,100,100,100,2239
1718564124892,6,100,100,100,2354
1718564136524,6,100,100,100,2234
1718564148140,6,100,100,100,2191
1718564159596,6,100,100,100,2066
1718564171190,6,100,100,100,2138
1718564182780,6,100,100,100,2180
1718564194273,6,100,100,100,2223
1718564205732,6,100,100,100,2326
1718564217244,6,100,100,100,2135
1718564228648,6,100,100,100,2189
1718564240008,6,100,100,100,2279
1718564252016,6,100,100,100,2401
1718564264212,6,100,100,100,2198
1718564277212,6,100,100,100,2098
1718564288608,6,100,100,100,2143
1718564300016,6,100,100,100,2186
1718564311752,6,100,100,100,2224
1718564323046,6,100,100,100,2265
1718564334506,6,100,100,100,2054
1718564347044,6,100,100,100,2135
1718564358868,6,100,100,100,2219
1718564370616,6,100,100,100,2241
1718564382648,6,100,100,100,2159
1718564395928,6,100,100,100,2132
1718564407580,7,100,100,100,2160
1718564419284,7,100,100,100,2170
1718564430648,7,100,100,100,2197
1718564442180,7,100,100,100,2285
1718564455344,7,100,100,100,2255
1718564466944,7,100,100,100,2085
1718564479764,7,100,100,100,2154
1718564491436,7,100,100,100,2134
1718564503668,7,100,100,100,2227
1718564515728,7,100,100,100,2319
1718564528980,7,100,100,100,2058
1718564540600,7,100,100,100,2172
1718564553636,7,100,100,100,2140
1718564565088,7,100,100,100,2118
1718564576792,7,100,100,100,2200
1718564588740,7,100,100,100,2144
1718564600788,7,100,100,100,2165
1718564612348,7,100,100,100,2167
1718564624372,7,100,100,100,2188
1718564636216,7,100,100,100,2245
1718564648108,7,100,100,100,2183
1718564659624,7,100,100,100,2226
1718564672068,7,100,100,100,2146
1718564683645,7,100,100,100,2196
1718564695120,7,100,100,100,2208
1718564706746,7,100,100,100,2151
1718564718772,7,100,100,100,2211
1718564730536,7,100,100,100,2248
1718564742528,7,100,100,100,2265
1718564754368,7,100,100,100,2209
1718564766068,7,100,100,100,2071
1718564777819,7,100,100,100,2116
1718564789620,7,100,100,100,2277
1718564801520,7,100,100,100,2127
1718564813152,7,100,100,100,2114
1718564825048,7,100,100,100,2146
1718564836996,7,100,100,100,2081
1718564848600,7,100,100,100,2077
1718564860404,7,100,100,100,2066
1718564872260,7,100,100,100,2286
1718564884972,7,100,100,100,2274
1718564896573,7,100,100,100,2060
1718564908308,7,100,100,100,2288
1718564920136,7,100,100,100,2169
1718564932160,7,100,100,100,2190
1718564943796,7,100,100,100,2163
1718564956432,7,100,100,100,2167
1718564968480,7,100,100,100,2142
1718564980288,7,100,100,100,2230
1718564992561,7,100,100,100,2295
1718565005808,7,100,100,100,2352
1718565017780,7,100,100,100,2130
1718565030452,7,100,100,100,2247
1718565043860,7,100,100,100,2334
1718565055836,7,100,100,100,2159
1718565067728,7,100,100,100,2246
1718565079528,7,100,100,100,2134
1718565091460,7,100,100,100,2199
1718565103820,7,100,100,100,2236
1718565115840,7,100,100,100,2266
1718565127660,7,100,100,100,2172
1718565140260,7,100,100,100,2026
1718565151900,7,100,100,100,2217
1718565165572,7,100,100,100,2276
1718565179115,7,100,100,100,2199
1718565191332,7,100,100,100,2155
1718565204920,7,100,100,100,2092
1718565216620,7,100,100,100,2124
1718565228496,7,100,100,100,2180
1718565241148,7,100,100,100,2196
1718565253292,7,100,100,100,2216
1718565265064,7,100,100,100,2263
1718565277036,7,100,100,100,2267
1718565289111,7,100,100,100,2235
1718565301100,7,100,100,100,2268
1718565313160,7,100,100,100,2212
1718565325200,7,100,100,100,2027
1718565336844,7,100,100,100,2745
1718565350728,7,100,100,100,2205
1718565363156,7,100,100,100,2388
1718565375824,7,100,100,100,2197
1718565387852,7,100,100,100,2140
1718565400311,7,100,100,100,2216
1718565412188,7,100,100,100,2291
1718565424148,7,100,100,100,2265
1718565436244,7,100,100,100,2209
1718565448276,7,100,100,100,2198
1718565461648,7,100,100,100,2160
1718565473695,7,100,100,100,2288
1718565485792,7,100,100,100,2211
1718565497832,7,100,100,100,2186
1718565511052,7,100,100,100,2104
1718565523884,7,100,100,100,2177
1718565537120,7,100,100,100,2250
1718565549808,7,100,100,100,2159
1718565561936,7,100,100,100,2022
1718565573920,7,100,100,100,2179
1718565586332,7,100,100,100,2159
1718565598440,7,100,100,100,2275
1718565610388,7,100,100,100,2215
1718565622748,8,100,100,100,2157
1718565635068,8,100,100,100,2046
1718565647036,8,100,100,100,2094
1718565659328,8,100,100,100,2233
1718565672608,8,100,100,100,2230
1718565684944,8,100,100,100,1997
1718565697116,8,100,100,100,2636
1718565711110,8,100,100,100,2186
1718565723624,8,100,100,100,2245
1718565737440,8,100,100,100,2083
1718565750060,8,100,100,100,2050
1718565762748,8,100,100,100,2181
1718565774720,8,100,100,100,2129
1718565786900,8,100,100,100,2049
1718565798976,8,100,100,100,2131
1718565811048,8,100,100,100,2022
1718565823072,8,100,100,100,2013
1718565835128,8,100,100,100,2154
1718565847212,8,100,100,100,2106
1718565859304,8,100,100,100,2157
1718565871870,8,100,100,100,2086
1718565884096,8,100,100,100,2163
1718565896400,8,100,100,100,2184
1718565908992,8,100,100,100,2068
1718565921435,8,100,100,100,2140
1718565933444,8,100,100,100,2025
1718565946260,8,100,100,100,1996
1718565958364,8,100,100,100,2133
1718565970512,8,100,100,100,2157
1718565982784,8,100,100,100,2047
1718565994920,8,100,100,100,1969
1718566006680,8,100,100,100,2148
1718566018772,8,100,100,100,2130
1718566030880,8,100,100,100,2192
1718566043100,8,100,100,100,2192
1718566055632,8,100,100,100,2467
1718566069676,8,100,100,100,2198
1718566083084,8,100,100,100,2158
1718566095660,8,100,100,100,2273
1718566108252,8,100,100,100,2226
1718566120564,8,100,100,100,2081
1718566133156,8,100,100,100,2251
1718566145656,8,100,100,100,2078
1718566158124,8,100,100,100,2075
1718566170448,8,100,100,100,2085
1718566183120,8,100,100,100,2063
1718566195412,8,100,100,100,2265
1718566208152,8,100,100,100,2267
1718566221792,8,100,100,100,2128
1718566234196,8,100,100,100,2039
1718566246928,8,100,100,100,2047
1718566259416,8,100,100,100,2065
1718566272376,8,100,100,100,2204
1718566284752,8,100,100,100,2176
1718566297480,8,100,100,100,2005
1718566309876,8,100,100,100,2166
1718566322456,8,100,100,100,2122
1718566334884,8,100,100,100,2196
1718566347352,8,100,100,100,2132
1718566359752,8,100,100,100,2158
1718566372072,8,100,100,100,2196
1718566385048,8,100,100,100,2072
1718566397598,8,100,100,100,2067
1718566410624,8,100,100,100,2155
1718566423716,8,100,100,100,2097
1718566436113,8,100,100,100,2269
1718566449168,8,100,100,100,2175
1718566461880,8,100,100,100,2117
1718566474700,8,100,100,100,2137
1718566487200,8,100,100,100,2129
1718566499700,8,100,100,100,2102
1718566512252,8,100,100,100,2210
1718566526088,8,100,100,100,2298
1718566538948,8,100,100,100,2178
1718566551676,8,100,100,100,2056
1718566564212,8,100,100,100,2147
1718566577472,8,100,100,100,2094
1718566591288,8,100,100,100,2227
1718566604356,8,100,100,100,1992
1718566617188,8,100,100,100,2188
1718566631344,8,100,100,100,2210
1718566645368,8,100,100,100,2267
1718566658556,8,100,100,100,2147
1718566671600,8,100,100,100,1978
1718566684006,8,100,100,100,2043
1718566696236,8,100,100,100,2037
1718566709260,8,100,100,100,2281
1718566722048,8,100,100,100,2179
1718566734916,8,100,100,100,2226
1718566747524,8,100,100,100,2258
1718566761148,8,100,100,100,2168
1718566773523,8,100,100,100,2186
1718566786652,8,100,100,100,2182
1718566799340,8,100,100,100,2178
1718566813904,8,100,100,100,2159
1718566826972,8,100,100,100,2138
1718566840040,8,100,100,100,2314
1718566853476,8,100,100,100,2016
1718566867260,8,100,100,100,2166
1718566880194,8,100,100,100,2199
1718566894848,9,100,100,100,2405
1718566908052,9,100,100,100,2540
1718566921152,9,100,100,100,2337
1718566934188,9,100,100,100,2669
1718566947576,9,100,100,100,2617
1718566962352,9,100,100,100,2141
1718566976456,9,100,100,100,2552
1718566990068,9,100,100,100,2541
1718567003524,9,100,100,100,2497
1718567016724,9,100,100,100,2245
1718567029636,9,100,100,100,2067
1718567042716,9,100,100,100,2093
1718567055520,9,100,100,100,2405
1718567070036,9,100,100,100,2472
1718567083472,9,100,100,100,2126
1718567097628,9,100,100,100,2442
1718567111008,9,100,100,100,2444
1718567124375,9,100,100,100,2395
1718567137340,9,100,100,100,2674
1718567152299,9,100,100,100,2475
1718567166016,9,100,100,100,2475
1718567179296,9,100,100,100,2516
1718567192504,9,100,100,100,2499
1718567206148,9,100,100,100,2328
1718567219180,9,100,100,100,2398
1718567232368,9,100,100,100,2468
1718567246080,9,100,100,100,2491
1718567259928,9,100,100,100,2574
1718567273484,9,100,100,100,2379
1718567286552,9,100,100,100,2486
1718567299860,9,100,100,100,2292
1718567313652,9,100,100,100,2572
1718567327876,9,100,100,100,2189
1718567340908,9,100,100,100,2167
1718567354644,9,100,100,100,2507
1718567368164,9,100,100,100,2542
1718567382064,9,100,100,100,2513
1718567395288,9,100,100,100,2320
1718567408600,9,100,100,100,2594
1718567421980,9,100,100,100,2550
1718567435868,9,100,100,100,2580
1718567449232,9,100,100,100,2486
1718567465144,9,100,100,100,2534
1718567478672,9,100,100,100,2483
1718567493322,9,100,100,100,2432
1718567507736,9,100,100,100,2542
1718567522044,9,100,100,100,2220
1718567535472,9,100,100,100,2323
1718567549524,9,100,100,100,2251
1718567562964,9,100,100,100,2343
1718567576176,9,100,100,100,2517
1718567590452,9,100,100,100,2565
1718567604597,9,100,100,100,2527
1718567618688,9,100,100,100,2549
1718567632248,9,100,100,100,2518
1718567646188,9,100,100,100,2492
1718567660160,9,100,100,100,2577
1718567674152,9,100,100,100,2314
1718567688328,9,100,100,100,2744
1718567703736,9,100,100,100,2414
1718567717556,9,100,100,100,2449
1718567731240,9,100,100,100,2574
1718567745600,9,100,100,100,2477
1718567759356,9,100,100,100,2478
1718567774381,9,100,100,100,2501
1718567787696,9,100,100,100,2167
1718567801404,9,100,100,100,2340
1718567815052,9,100,100,100,2466
1718567829280,9,100,100,100,2200
1718567845340,9,100,100,100,2263
1718567858756,9,100,100,100,2537
1718567872876,9,100,100,100,2608
1718567887132,9,100,100,100,2545
1718567900872,9,100,100,100,2411
1718567914368,9,100,100,100,2267
1718567929032,9,100,100,100,2379
1718567942824,9,100,100,100,2523
1718567956680,9,100,100,100,2205
1718567970200,9,100,100,100,2453
1718567983796,9,100,100,100,2263
1718567997184,9,100,100,100,2519
1718568010924,9,100,100,100,2396
1718568024524,9,100,100,100,2305
1718568037884,9,100,100,100,2525
1718568052100,9,100,100,100,2393
1718568066144,9,100,100,100,2373
1718568081064,9,100,100,100,2400
1718568094420,9,100,100,100,2606
1718568109572,9,100,100,100,2455
1718568123272,9,100,100,100,2567
1718568137908,9,100,100,100,2435
1718568151528,9,100,100,100,2528
1718568165160,9,100,100,100,2425
1718568179076,9,100,100,100,2226
1718568192392,9,100,100,100,2119
1718568205724,9,100,100,100,2268
1718568219616,9,100,100,100,2496
1718568235500,9,100,100,100,2564
1718568249636,9,100,100,100,2230
1718568264548,9,100,100,100,2434
1718568279732,10,100,100,100,2311
1718568293296,10,100,100,100,2345
1718568307540,10,100,100,100,2360
1718568321338,10,100,100,100,2338
1718568335680,10,100,100,100,2376
1718568349572,10,100,100,100,2202
1718568363740,10,100,100,100,2420
1718568377228,10,100,100,100,2418
1718568390664,10,100,100,100,2401
1718568404692,10,100,100,100,2556
1718568418900,10,100,100,100,2262
1718568432856,10,100,100,100,2148
1718568446368,10,100,100,100,2239
1718568460288,10,100,100,100,2247
1718568474233,10,100,100,100,2180
1718568488128,10,100,100,100,2189
1718568501868,10,100,100,100,2303
1718568516296,10,100,100,100,2172
1718568530220,10,100,100,100,2393
1718568544380,10,100,100,100,2299
1718568557940,10,100,100,100,2143
1718568571784,10,100,100,100,2455
1718568586608,10,100,100,100,2362
1718568600684,10,100,100,100,2244
1718568615716,10,100,100,100,2199
1718568629632,10,100,100,100,2209
1718568643191,10,100,100,100,2267
1718568657224,10,100,100,100,2321
1718568670708,10,100,100,100,2136
1718568684128,10,100,100,100,2349
1718568697816,10,100,100,100,2384
1718568712472,10,100,100,100,2302
1718568726512,10,100,100,100,2318
1718568740560,10,100,100,100,2160
1718568755300,10,100,100,100,2244
1718568769708,10,100,100,100,2243
1718568784376,10,100,100,100,2310
1718568799742,10,100,100,100,2140
1718568814384,10,100,100,100,2197
1718568828192,10,100,100,100,2227
1718568841908,10,100,100,100,2260
1718568857284,10,100,100,100,2245
1718568871009,10,100,100,100,2232
1718568885446,10,100,100,100,2320
1718568899460,10,100,100,100,2437
1718568914192,10,100,100,100,2365
1718568928240,10,100,100,100,2313
1718568942288,10,100,100,100,2319
1718568955904,10,100,100,100,2354
1718568971756,10,100,100,100,2262
1718568985860,10,100,100,100,2458
1718569000136,10,100,100,100,2391
1718569014848,10,100,100,100,2338
1718569028900,10,100,100,100,2308
1718569043672,10,100,100,100,2138
1718569057752,10,100,100,100,2232
1718569072328,10,100,100,100,2263
1718569086992,10,100,100,100,2176
1718569100888,10,100,100,100,2205
1718569115212,10,100,100,100,2462
1718569129952,10,100,100,100,2351
1718569143800,10,100,100,100,2233
1718569157928,10,100,100,100,2301
1718569171820,10,100,100,100,2222
1718569186392,10,100,100,100,2169
1718569201116,10,100,100,100,5785
1718569218732,10,100,100,100,2207
1718569232572,10,100,100,100,2180
1718569246304,10,100,100,100,2431
1718569260428,10,100,100,100,2275
1718569274432,10,100,100,100,2239
1718569288896,10,100,100,100,2156
1718569303451,10,100,100,100,2347
1718569318188,10,100,100,100,2492
1718569332724,10,100,100,100,2308
1718569346744,10,100,100,100,2262
1718569360884,10,100,100,100,2206
1718569374604,10,100,100,100,2301
1718569388536,10,100,100,100,2406
1718569402868,10,100,100,100,2273
1718569416968,10,100,100,100,2117
1718569431332,10,100,100,100,2360
1718569446096,10,100,100,100,2138
1718569460628,10,100,100,100,2379
1718569474448,10,100,100,100,2127
1718569489188,10,100,100,100,2221
1718569503536,10,100,100,100,2247
1718569518380,10,100,100,100,2226
1718569532620,10,100,100,100,2349
1718569547208,10,100,100,100,2349
1718569561460,10,100,100,100,2397
1718569575920,10,100,100,100,2361
1718569590468,10,100,100,100,2186
1718569604908,10,100,100,100,2365
1718569619132,10,100,100,100,2399
1718569634780,10,100,100,100,2198
1718569649860,10,100,100,100,2222
1718569664396,10,100,100,100,2602
1718569678640,10,100,100,100,2376
1718569693284,10,100,100,100,2245
1718569709340,11,100,100,100,2133
1718569723616,11,100,100,100,2063
1718569737420,11,100,100,100,2208
1718569751684,11,100,100,100,2074
1718569766080,11,100,100,100,2099
1718569780831,11,100,100,100,2141
1718569795052,11,100,100,100,2188
1718569809268,11,100,100,100,2073
1718569824284,11,100,100,100,2359
1718569839500,11,100,100,100,2075
1718569854848,11,100,100,100,2125
1718569869196,11,100,100,100,2280
1718569885264,11,100,100,100,2226
1718569900608,11,100,100,100,2062
1718569915172,11,100,100,100,2146
1718569929580,11,100,100,100,2168
1718569943832,11,100,100,100,2079
1718569958080,11,100,100,100,2199
1718569972508,11,100,100,100,2072
1718569986648,11,100,100,100,2298
1718570002192,11,100,100,100,2028
1718570016540,11,100,100,100,2662
1718570031180,11,100,100,100,2049
1718570045320,11,100,100,100,2133
1718570060464,11,100,100,100,2134
1718570075452,11,100,100,100,2103
1718570090416,11,100,100,100,2032
1718570105188,11,100,100,100,2083
1718570119948,11,100,100,100,2143
1718570134616,11,100,100,100,2119
1718570149348,11,100,100,100,2010
1718570163272,11,100,100,100,2109
1718570178012,11,100,100,100,2198
1718570192368,11,100,100,100,2050
1718570206800,11,100,100,100,2168
1718570221048,11,100,100,100,2218
1718570235780,11,100,100,100,2336
1718570250516,11,100,100,100,2068
1718570265496,11,100,100,100,2191
1718570280032,11,100,100,100,2058
1718570294352,11,100,100,100,2096
1718570309604,11,100,100,100,2185
1718570324268,11,100,100,100,2088
1718570338852,11,100,100,100,2072
1718570353348,11,100,100,100,2094
1718570370208,11,100,100,100,2342
1718570385296,11,100,100,100,2146
1718570399632,11,100,100,100,2117
1718570414360,11,100,100,100,2047
1718570429132,11,100,100,100,2154
1718570443777,11,100,100,100,2063
1718570458768,11,100,100,100,2188
1718570473152,11,100,100,100,2269
1718570487976,11,100,100,100,2255
1718570502732,11,100,100,100,2263
1718570517160,11,100,100,100,2199
1718570532040,11,100,100,100,2146
1718570546852,11,100,100,100,2262
1718570561908,11,100,100,100,2316
1718570576816,11,100,100,100,2245
1718570591616,11,100,100,100,2876
1718570607380,11,100,100,100,2218
1718570622312,11,100,100,100,2168
1718570637224,11,100,100,100,2144
1718570651632,11,100,100,100,2120
1718570666252,11,100,100,100,2178
1718570681296,11,100,100,100,2144
1718570695948,11,100,100,100,2071
1718570710688,11,100,100,100,2104
1718570725328,11,100,100,100,2050
1718570739692,11,100,100,100,2173
1718570755344,11,100,100,100,2088
1718570769660,11,100,100,100,2047
1718570784536,11,100,100,100,2196
1718570799168,11,100,100,100,2087
1718570813724,11,100,100,100,2187
1718570828436,11,100,100,100,2062
1718570842988,11,100,100,100,2039
1718570857720,11,100,100,100,2060
1718570872400,11,100,100,100,2117
1718570887644,11,100,100,100,2076
1718570902460,11,100,100,100,2146
1718570917236,11,100,100,100,2660
1718570932940,11,100,100,100,2230
1718570948556,11,100,100,100,2159
1718570963408,11,100,100,100,2094
1718570978240,11,100,100,100,2160
1718570993420,11,100,100,100,2205
1718571009616,11,100,100,100,2198
1718571024840,11,100,100,100,2108
1718571039996,11,100,100,100,2083
1718571055064,11,100,100,100,2262
1718571069692,11,100,100,100,2063
1718571084356,11,100,100,100,2158
1718571099713,11,100,100,100,2067
1718571114956,11,100,100,100,2114
1718571129688,11,100,100,100,2188
1718571144864,11,100,100,100,2156
1718571160344,11,100,100,100,2196
1718571175484,11,100,100,100,2066
1718571190416,12,100,100,100,2031
1718571206072,12,100,100,100,2071
1718571220767,12,100,100,100,2025
1718571235456,12,100,100,100,2001
1718571250388,12,100,100,100,2082
1718571265352,12,100,100,100,2081
1718571280116,12,100,100,100,1875
1718571294912,12,100,100,100,1949
1718571309528,12,100,100,100,2075
1718571324916,12,100,100,100,1968
1718571339700,12,100,100,100,1923
1718571358120,12,100,100,100,2138
1718571373204,12,100,100,100,1992
1718571388424,12,100,100,100,2017
1718571403360,12,100,100,100,2052
1718571418208,12,100,100,100,2026
1718571432861,12,100,100,100,1983
1718571447456,12,100,100,100,1941
1718571462524,12,100,100,100,2031
1718571477308,12,100,100,100,2032
1718571492388,12,100,100,100,2011
1718571507464,12,100,100,100,1928
1718571522760,12,100,100,100,1945
1718571537076,12,100,100,100,2092
1718571552252,12,100,100,100,2006
1718571567104,12,100,100,100,2026
1718571582528,12,100,100,100,1962
1718571597020,12,100,100,100,2052
1718571612060,12,100,100,100,1956
1718571626804,12,100,100,100,2016
1718571641696,12,100,100,100,2039
1718571656540,12,100,100,100,1848
1718571671348,12,100,100,100,1902
1718571686728,12,100,100,100,2007
1718571701684,12,100,100,100,1950
1718571716396,12,100,100,100,1910
1718571731108,12,100,100,100,1991
1718571746216,12,100,100,100,2030
1718571760840,12,100,100,100,1970
1718571775984,12,100,100,100,1931
1718571792108,12,100,100,100,2050
1718571806912,12,100,100,100,1977
1718571821760,12,100,100,100,1978
1718571836620,12,100,100,100,1974
1718571851972,12,100,100,100,1917
1718571867484,12,100,100,100,1978
1718571882496,12,100,100,100,2033
1718571899250,12,100,100,100,1977
1718571914233,12,100,100,100,2059
1718571929244,12,100,100,100,1906
1718571944240,12,100,100,100,1923
1718571959488,12,100,100,100,1921
1718571974115,12,100,100,100,1924
1718571989185,12,100,100,100,1962
1718572003996,12,100,100,100,2202
1718572018904,12,100,100,100,1955
1718572033756,12,100,100,100,1864
1718572049188,12,100,100,100,1954
1718572064192,12,100,100,100,2010
1718572079600,12,100,100,100,2057
1718572094900,12,100,100,100,1927
1718572110000,12,100,100,100,2087
1718572125456,12,100,100,100,1903
1718572140440,12,100,100,100,1977
1718572155248,12,100,100,100,2075
1718572170752,12,100,100,100,2015
1718572186164,12,100,100,100,1921
1718572201496,12,100,100,100,2045
1718572216544,12,100,100,100,1860
1718572232480,12,100,100,100,1973
1718572248516,12,100,100,100,1962
1718572264136,12,100,100,100,2025
1718572279592,12,100,100,100,2020
1718572295192,12,100,100,100,2037
1718572311092,12,100,100,100,1898
1718572326300,12,100,100,100,1983
1718572340940,12,100,100,100,2026
1718572355896,12,100,100,100,2555
1718572372716,12,100,100,100,2097
1718572388648,12,100,100,100,1977
1718572404044,12,100,100,100,1970
1718572419688,12,100,100,100,1993
1718572435096,12,100,100,100,2003
1718572451588,12,100,100,100,2063
1718572466816,12,100,100,100,1955
1718572481818,12,100,100,100,2000
1718572497060,12,100,100,100,2126
1718572512472,12,100,100,100,1955
1718572528056,12,100,100,100,2022
1718572543740,12,100,100,100,2283
1718572559844,12,100,100,100,1961
1718572575464,12,100,100,100,1927
1718572591108,12,100,100,100,1832
1718572607396,12,100,100,100,2052
1718572623012,12,100,100,100,2174
1718572638848,12,100,100,100,1981
1718572654320,12,100,100,100,2020
1718572669348,12,100,100,100,1969
1718572684872,12,100,100,100,2026
1718572699984,12,100,100,100,2003
1718575402169,2,250,250,250,28032
1718575439759,2,250,250,250,27785
1718575476947,2,250,250,250,27516
1718575514099,2,250,250,250,27800
1718575551316,2,250,250,250,27330
1718575588335,2,250,250,250,27874
1718575625864,2,250,250,250,27888
1718575663297,2,250,250,250,27498
1718575700717,2,250,250,250,27751
1718575738151,2,250,250,250,28054
1718575776187,2,250,250,250,27771
1718575814441,2,250,250,250,27953
1718575852885,2,250,250,250,27685
1718575890444,2,250,250,250,27785
1718575928355,2,250,250,250,28447
1718575967119,2,250,250,250,27693
1718576004847,2,250,250,250,28145
1718576044024,2,250,250,250,28354
1718576083286,2,250,250,250,27499
1718576121535,2,250,250,250,28489
1718576160599,2,250,250,250,28004
1718576198853,2,250,250,250,27910
1718576237195,2,250,250,250,27937
1718576275348,2,250,250,250,29164
1718576315326,2,250,250,250,34632
1718576360946,2,250,250,250,34600
1718576414656,2,250,250,250,34612
1718576467173,2,250,250,250,35342
1718576521460,2,250,250,250,35210
1718576575787,2,250,250,250,35847
1718576630415,2,250,250,250,35007
1718576684852,2,250,250,250,34106
1718576738348,2,250,250,250,34096
1718576783976,2,250,250,250,34271
1718576829283,2,250,250,250,31081
1718576871221,2,250,250,250,27412
1718576909465,2,250,250,250,28057
1718576948430,2,250,250,250,27779
1718576987082,2,250,250,250,27871
1718577026568,2,250,250,250,28119
1718577066341,2,250,250,250,27660
1718577105824,2,250,250,250,28089
1718577145292,2,250,250,250,27666
1718577184267,2,250,250,250,27899
1718577224040,2,250,250,250,28110
1718577264044,2,250,250,250,28327
1718577303810,2,250,250,250,27979
1718577343391,2,250,250,250,27870
1718577382557,2,250,250,250,27774
1718577421836,2,250,250,250,28491
1718577462635,2,250,250,250,27725
1718577501702,2,250,250,250,27598
1718577540460,2,250,250,250,27809
1718577580786,2,250,250,250,27791
1718577620640,2,250,250,250,27866
1718577660223,2,250,250,250,27616
1718577700207,2,250,250,250,27397
1718577740054,2,250,250,250,28431
1718577780898,2,250,250,250,27798
1718577820075,2,250,250,250,27468
1718577859134,2,250,250,250,27679
1718577897900,2,250,250,250,27911
1718577937266,2,250,250,250,27493
1718577976263,2,250,250,250,27889
1718578016422,2,250,250,250,27389
1718578055597,2,250,250,250,27494
1718578095681,2,250,250,250,33911
1718578141820,2,250,250,250,34235
1718578187976,2,250,250,250,33821
1718578234698,2,250,250,250,34161
1718578280719,2,250,250,250,34507
1718578326756,2,250,250,250,34106
1718578372471,2,250,250,250,30757
1718578414941,2,250,250,250,27590
1718578454290,2,250,250,250,28179
1718578493568,2,250,250,250,27647
1718578532934,2,250,250,250,27915
1718578572519,2,250,250,250,27856
1718578611888,2,250,250,250,28346
1718578652710,2,250,250,250,27920
1718578693311,2,250,250,250,28194
1718578733306,2,250,250,250,28281
1718578773398,2,250,250,250,27802
1718578814111,2,250,250,250,28638
1718578854609,2,250,250,250,27778
1718578893891,2,250,250,250,28049
1718578933465,2,250,250,250,27896
1718578973921,2,250,250,250,27907
1718579013766,2,250,250,250,27993
1718579054305,2,250,250,250,28013
1718579094965,2,250,250,250,27810
1718579134349,2,250,250,250,27576
1718579175253,2,250,250,250,27832
1718579215960,2,250,250,250,33455
1718579261583,2,250,250,250,34028
1718579307723,2,250,250,250,33713
1718579354259,2,250,250,250,33909
1718579400196,2,250,250,250,33844
1718579446117,2,250,250,250,34676
1718579492464,2,250,250,250,30684
1718579535617,3,250,250,250,14340
1718579563318,3,250,250,250,14751
1718579590655,3,250,250,250,14449
1718579617820,3,250,250,250,14551
1718579645144,3,250,250,250,14291
1718579672696,3,250,250,250,14312
1718579699367,3,250,250,250,14384
1718579727172,3,250,250,250,15174
1718579754923,3,250,250,250,14575
1718579781904,3,250,250,250,14443
1718579810017,3,250,250,250,14783
1718579838188,3,250,250,250,14491
1718579866181,3,250,250,250,14559
1718579892970,3,250,250,250,14911
1718579921495,3,250,250,250,14374
1718579948311,3,250,250,250,14521
1718579976332,3,250,250,250,14701
1718580005092,3,250,250,250,14529
1718580033215,3,250,250,250,14703
1718580060909,3,250,250,250,14557
1718580088256,3,250,250,250,16910
1718580119019,3,250,250,250,17987
1718580150710,3,250,250,250,17762
1718580182303,3,250,250,250,17986
1718580212993,3,250,250,250,17858
1718580244770,3,250,250,250,17923
1718580275753,3,250,250,250,18056
1718580307240,3,250,250,250,18122
1718580338620,3,250,250,250,17867
1718580370217,3,250,250,250,17684
1718580401507,3,250,250,250,18714
1718580433295,3,250,250,250,18131
1718580465712,3,250,250,250,17992
1718580497603,3,250,250,250,17450
1718580528084,3,250,250,250,14683
1718580555412,3,250,250,250,14334
1718580582602,3,250,250,250,14455
1718580609591,3,250,250,250,14440
1718580637237,3,250,250,250,14264
1718580664726,3,250,250,250,14546
1718580693050,3,250,250,250,14855
1718580720898,3,250,250,250,14582
1718580748087,3,250,250,250,14532
1718580775379,3,250,250,250,14614
1718580802721,3,250,250,250,15066
1718580831950,3,250,250,250,14350
1718580859450,3,250,250,250,14457
1718580887720,3,250,250,250,14428
1718580915409,3,250,250,250,14555
1718580942613,3,250,250,250,14538
1718580971284,3,250,250,250,14712
1718580999277,3,250,250,250,14493
1718581026886,3,250,250,250,14324
1718581055259,3,250,250,250,14689
1718581084170,3,250,250,250,14443
1718581112072,3,250,250,250,14378
1718581140653,3,250,250,250,14166
1718581169574,3,250,250,250,18296
1718581202201,3,250,250,250,18019
1718581234498,3,250,250,250,18379
1718581266928,3,250,250,250,17939
1718581298089,3,250,250,250,17871
1718581329290,3,250,250,250,18157
1718581360779,3,250,250,250,18325
1718581392361,3,250,250,250,18317
1718581423841,3,250,250,250,18288
1718581456060,3,250,250,250,18132
1718581487741,3,250,250,250,18249
1718581519244,3,250,250,250,18498
1718581552049,3,250,250,250,18022
1718581583133,3,250,250,250,17178
1718581615333,3,250,250,250,14534
1718581642838,3,250,250,250,14433
1718581671418,3,250,250,250,14498
1718581699014,3,250,250,250,14846
1718581728872,3,250,250,250,14581
1718581758163,3,250,250,250,14502
1718581785772,3,250,250,250,14530
1718581813592,3,250,250,250,14364
1718581842556,3,250,250,250,14235
1718581870674,3,250,250,250,14483
1718581899616,3,250,250,250,14800
1718581929207,3,250,250,250,14506
1718581958958,3,250,250,250,14724
1718581988913,3,250,250,250,14966
1718582018830,3,250,250,250,14347
1718582046949,3,250,250,250,14705
1718582075306,3,250,250,250,14819
1718582104144,3,250,250,250,14483
1718582133574,3,250,250,250,14723
1718582161293,3,250,250,250,14292
1718582191080,3,250,250,250,14572
1718582220313,3,250,250,250,14537
1718582250179,3,250,250,250,16867
1718582282171,3,250,250,250,18395
1718582314688,3,250,250,250,18568
1718582348123,3,250,250,250,18064
1718582380959,3,250,250,250,18275
1718582414177,3,250,250,250,18596
1718582446898,3,250,250,250,18419
1718582478712,4,250,250,250,12812
1718582504976,4,250,250,250,13287
1718582533764,4,250,250,250,12862
1718582561768,4,250,250,250,12995
1718582589752,4,250,250,250,12578
1718582617684,4,250,250,250,12520
1718582644720,4,250,250,250,12831
1718582671808,4,250,250,250,12811
1718582699024,4,250,250,250,12714
1718582725668,4,250,250,250,12832
1718582752724,4,250,250,250,12695
1718582779440,4,250,250,250,11677
1718582805776,4,250,250,250,12212
1718582831724,4,250,250,250,10163
1718582855468,4,250,250,250,10228
1718582881252,4,250,250,250,10143
1718582906604,4,250,250,250,10134
1718582932336,4,250,250,250,10343
1718582957876,4,250,250,250,10087
1718582982024,4,250,250,250,10095
1718583006444,4,250,250,250,10178
1718583030880,4,250,250,250,10062
1718583056632,4,250,250,250,10468
1718583081516,4,250,250,250,10279
1718583106360,4,250,250,250,10294
1718583130496,4,250,250,250,10079
1718583155040,4,250,250,250,10256
1718583181412,4,250,250,250,10145
1718583205728,4,250,250,250,10134
1718583231216,4,250,250,250,10005
1718583256768,4,250,250,250,10097
1718583281188,4,250,250,250,10303
1718583305741,4,250,250,250,10094
1718583331612,4,250,250,250,10690
1718583357960,4,250,250,250,10898
1718583384284,4,250,250,250,12513
1718583411272,4,250,250,250,12533
1718583438800,4,250,250,250,12684
1718583465788,4,250,250,250,12240
1718583494508,4,250,250,250,12684
1718583521592,4,250,250,250,12920
1718583549212,4,250,250,250,12665
1718583576204,4,250,250,250,13019
1718583603880,4,250,250,250,12420
1718583631872,4,250,250,250,12715
1718583660052,4,250,250,250,12553
1718583686912,4,250,250,250,13064
1718583715084,4,250,250,250,12659
1718583742672,4,250,250,250,12667
1718583769740,4,250,250,250,12948
1718583797504,4,250,250,250,12797
1718583824680,4,250,250,250,12822
1718583852352,4,250,250,250,12896
1718583879592,4,250,250,250,12669
1718583907209,4,250,250,250,12472
1718583933972,4,250,250,250,12651
1718583961816,4,250,250,250,12316
1718583989008,4,250,250,250,12053
1718584015368,4,250,250,250,11932
1718584041976,4,250,250,250,10252
1718584067844,4,250,250,250,10130
1718584093576,4,250,250,250,10282
1718584119304,4,250,250,250,10299
1718584145956,4,250,250,250,9972
1718584171696,4,250,250,250,10012
1718584197884,4,250,250,250,10367
1718584224196,4,250,250,250,10792
1718584250800,4,250,250,250,10149
1718584277020,4,250,250,250,10228
1718584302924,4,250,250,250,10196
1718584328760,4,250,250,250,10238
1718584354080,4,250,250,250,10158
1718584379947,4,250,250,250,10151
1718584405092,4,250,250,250,10685
1718584433232,4,250,250,250,9936
1718584458376,4,250,250,250,10360
1718584522876,5,250,250,250,9848
1718584548628,5,250,250,250,9465
1718584574336,5,250,250,250,9694
1718584600420,5,250,250,250,9462
1718584626872,5,250,250,250,10146
1718584651800,5,250,250,250,10469
1718584678844,5,250,250,250,10319
1718584704456,5,250,250,250,10970
1718584730152,5,250,250,250,10319
1718584756820,5,250,250,250,10332
1718584781588,5,250,250,250,10537
1718584807404,5,250,250,250,10229
1718584832328,5,250,250,250,10117
1718584858544,5,250,250,250,10171
1718584885716,5,250,250,250,10709
1718584911784,5,250,250,250,10799
1718584937268,5,250,250,250,10484
1718584963044,5,250,250,250,10342
1718584988892,5,250,250,250,10561
1718585014324,5,250,250,250,10632
1718585041508,5,250,250,250,10601
1718585067408,5,250,250,250,10444
1718585094180,5,250,250,250,10659
1718585119908,5,250,250,250,10379
1718585145840,5,250,250,250,10310
1718585171008,5,250,250,250,10322
1718585197936,5,250,250,250,10601
1718585224584,5,250,250,250,10771
1718585251604,5,250,250,250,10380
1718585278672,5,250,250,250,9695
1718585304984,5,250,250,250,10393
1718585332208,5,250,250,250,9882
1718585357620,5,250,250,250,9496
1718585383728,5,250,250,250,9531
1718585408260,5,250,250,250,9660
1718585433236,5,250,250,250,9612
1718585459560,5,250,250,250,9458
1718585485864,5,250,250,250,9996
1718585512608,5,250,250,250,9708
1718585539948,5,250,250,250,9802
1718585565124,5,250,250,250,9667
1718585591740,5,250,250,250,9606
1718585616980,5,250,250,250,9448
1718585643120,5,250,250,250,9536
1718585669652,5,250,250,250,10110
1718585696456,5,250,250,250,9718
1718585721692,5,250,250,250,9860
1718585746976,5,250,250,250,9666
1718585774604,5,250,250,250,9461
1718585799732,5,250,250,250,9343
1718585825812,6,250,250,250,7644
1718585849568,6,250,250,250,8211
1718585873408,6,250,250,250,7934
1718585898504,6,250,250,250,7906
1718585922700,6,250,250,250,8022
1718585948080,6,250,250,250,8620
1718585972328,6,250,250,250,8147
1718585997020,6,250,250,250,8830
1718586021768,6,250,250,250,8706
1718586047940,6,250,250,250,8294
1718586073940,6,250,250,250,8696
1718586098192,6,250,250,250,8798
1718586124164,6,250,250,250,9103
1718586152168,6,250,250,250,8429
1718586178200,6,250,250,250,8545
1718586203028,6,250,250,250,8315
1718586230096,6,250,250,250,8004
1718586255316,6,250,250,250,8452
1718586279344,6,250,250,250,8789
1718586305152,6,250,250,250,8515
1718586331072,6,250,250,250,8776
1718586355564,6,250,250,250,8676
1718586381124,6,250,250,250,8390
1718586405672,6,250,250,250,8126
1718586431488,6,250,250,250,8576
1718586457296,6,250,250,250,7769
1718586482216,6,250,250,250,7788
1718586507732,6,250,250,250,8022
1718586532236,6,250,250,250,8166
1718586557432,6,250,250,250,8585
1718586583468,6,250,250,250,8037
1718586607588,6,250,250,250,8330
1718586631632,6,250,250,250,8113
1718586655816,6,250,250,250,8083
1718586681208,6,250,250,250,7798
1718586705024,6,250,250,250,8616
1718586729668,6,250,250,250,8131
1718586755544,6,250,250,250,8411
1718586782028,6,250,250,250,8358
1718586807736,6,250,250,250,8335
1718586832744,6,250,250,250,8368
1718586858824,6,250,250,250,8592
1718586883552,6,250,250,250,8087
1718586908736,6,250,250,250,8032
1718586934408,6,250,250,250,8345
1718586961664,6,250,250,250,8716
1718586987788,6,250,250,250,9675
1718587015172,6,250,250,250,8862
1718587041840,6,250,250,250,8599
1718587067048,6,250,250,250,8238
1718587091604,7,250,250,250,6982
1718587114880,7,250,250,250,7324
1718587141276,7,250,250,250,7089
1718587165908,7,250,250,250,7267
1718587191556,7,250,250,250,7240
1718587217060,7,250,250,250,6793
1718587242012,7,250,250,250,7372
1718587266664,7,250,250,250,6958
1718587290276,7,250,250,250,7730
1718587315828,7,250,250,250,6809
1718587340615,7,250,250,250,7300
1718587365968,7,250,250,250,7126
1718587389672,7,250,250,250,6679
1718587412300,7,250,250,250,6885
1718587436088,7,250,250,250,6916
1718587459436,7,250,250,250,6969
1718587483304,7,250,250,250,6912
1718587506548,7,250,250,250,6695
1718587529760,7,250,250,250,6694
1718587553692,7,250,250,250,6828
1718587577184,7,250,250,250,6841
1718587602644,7,250,250,250,6731
1718587625556,7,250,250,250,6559
1718587650212,7,250,250,250,7560
1718587675984,7,250,250,250,6705
1718587700672,7,250,250,250,7056
1718587726996,7,250,250,250,6823
1718587750908,7,250,250,250,6781
1718587775456,7,250,250,250,6832
1718587798792,7,250,250,250,6744
1718587823280,7,250,250,250,6985
1718587851180,7,250,250,250,6760
1718587876184,7,250,250,250,6877
1718587900640,7,250,250,250,7052
1718587924596,7,250,250,250,6738
1718587950136,7,250,250,250,6759
1718587973948,7,250,250,250,6850
1718587999304,7,250,250,250,7227
1718588023652,7,250,250,250,7228
1718588048952,7,250,250,250,7277
1718588074488,7,250,250,250,7110
1718588099640,7,250,250,250,6931
1718588125540,7,250,250,250,6933
1718588149840,7,250,250,250,6997
1718588173800,7,250,250,250,7027
1718588197448,7,250,250,250,6722
1718588222984,7,250,250,250,7690
1718588247712,7,250,250,250,7041
1718588271540,7,250,250,250,7225
1718588297400,7,250,250,250,7435
1718588321980,8,250,250,250,6460
1718588346589,8,250,250,250,6367
1718588370469,8,250,250,250,7020
1718588396112,8,250,250,250,6555
1718588421584,8,250,250,250,6617
1718588446980,8,250,250,250,6336
1718588470980,8,250,250,250,6544
1718588494612,8,250,250,250,6557
1718588521220,8,250,250,250,6502
1718588546644,8,250,250,250,6741
1718588570969,8,250,250,250,6579
1718588595108,8,250,250,250,6692
1718588619652,8,250,250,250,6585
1718588643360,8,250,250,250,6517
1718588668244,8,250,250,250,6495
1718588692260,8,250,250,250,6582
1718588716072,8,250,250,250,6558
1718588742284,8,250,250,250,6437
1718588767404,8,250,250,250,6650
1718588791328,8,250,250,250,6581
1718588817472,8,250,250,250,6433
1718588844327,8,250,250,250,6485
1718588869380,8,250,250,250,6297
1718588894168,8,250,250,250,6430
1718588919884,8,250,250,250,6297
1718588946580,8,250,250,250,6586
1718588970792,8,250,250,250,6263
1718588994552,8,250,250,250,6454
1718589019080,8,250,250,250,6365
1718589042868,8,250,250,250,6550
1718589069671,8,250,250,250,6583
1718589093484,8,250,250,250,6953
1718589120128,8,250,250,250,6538
1718589144756,8,250,250,250,6451
1718589170932,8,250,250,250,6475
1718589197464,8,250,250,250,6514
1718589222364,8,250,250,250,6499
1718589246356,8,250,250,250,6323
1718589270832,8,250,250,250,7049
1718589295424,8,250,250,250,6450
1718589321500,8,250,250,250,6831
1718589345832,8,250,250,250,6611
1718589371976,8,250,250,250,6408
1718589398362,8,250,250,250,6485
1718589422392,8,250,250,250,6414
1718589448156,8,250,250,250,6971
1718589475268,8,250,250,250,6741
1718589499764,8,250,250,250,6699
1718589525156,8,250,250,250,6566
1718589549112,8,250,250,250,6354
1718589575376,9,250,250,250,8756
1718589602783,9,250,250,250,8692
1718589631480,9,250,250,250,7798
1718589659724,9,250,250,250,8726
1718589686808,9,250,250,250,7655
1718589714348,9,250,250,250,8782
1718589743629,9,250,250,250,8200
1718589770824,9,250,250,250,9624
1718589800536,9,250,250,250,8627
1718589828092,9,250,250,250,8798
1718589855120,9,250,250,250,8136
1718589883604,9,250,250,250,9103
1718589912476,9,250,250,250,8311
1718589941740,9,250,250,250,9459
1718589969376,9,250,250,250,7386
1718589994904,9,250,250,250,9785
1718590026208,9,250,250,250,8633
1718590053352,9,250,250,250,9767
1718590081620,9,250,250,250,8376
1718590111004,9,250,250,250,8245
1718590138000,9,250,250,250,8018
1718590165692,9,250,250,250,7479
1718590192304,9,250,250,250,8581
1718590220799,9,250,250,250,7383
1718590246816,9,250,250,250,7832
1718590272900,9,250,250,250,7435
1718590299540,9,250,250,250,8872
1718590329732,9,250,250,250,8498
1718590356660,9,250,250,250,8618
1718590386972,9,250,250,250,7793
1718590413612,9,250,250,250,8500
1718590442472,9,250,250,250,7967
1718590469336,9,250,250,250,8657
1718590498616,9,250,250,250,8640
1718590526660,9,250,250,250,9322
1718590555939,9,250,250,250,8599
1718590585540,9,250,250,250,7425
1718590613876,9,250,250,250,9576
1718590644272,9,250,250,250,9857
1718590675112,9,250,250,250,7903
1718590701884,9,250,250,250,7500
1718590731448,9,250,250,250,7305
1718590757768,9,250,250,250,8387
1718590784727,9,250,250,250,8661
1718590814300,9,250,250,250,7205
1718590842956,9,250,250,250,8223
1718590870328,9,250,250,250,7854
1718590898576,9,250,250,250,7457
1718590928152,9,250,250,250,9391
1718590958083,9,250,250,250,7235
1718590984880,10,250,250,250,6717
1718591010884,10,250,250,250,6659
1718591036412,10,250,250,250,7409
1718591062108,10,250,250,250,7404
1718591088816,10,250,250,250,7197
1718591115084,10,250,250,250,6957
1718591140252,10,250,250,250,6824
1718591168584,10,250,250,250,6900
1718591194704,10,250,250,250,6626
1718591220312,10,250,250,250,6888
1718591247136,10,250,250,250,7171
1718591273880,10,250,250,250,6870
1718591301280,10,250,250,250,7417
1718591329560,10,250,250,250,6946
1718591355480,10,250,250,250,7010
1718591382400,10,250,250,250,6883
1718591408036,10,250,250,250,7321
1718591435412,10,250,250,250,7390
1718591462402,10,250,250,250,7045
1718591488576,10,250,250,250,6862
1718591517236,10,250,250,250,6940
1718591543180,10,250,250,250,6806
1718591568752,10,250,250,250,7152
1718591596524,10,250,250,250,6884
1718591622800,10,250,250,250,7027
1718591650360,10,250,250,250,6907
1718591677512,10,250,250,250,7117
1718591705552,10,250,250,250,6975
1718591732284,10,250,250,250,7230
1718591761080,10,250,250,250,7484
1718591788820,10,250,250,250,7973
1718591818400,10,250,250,250,7380
1718591845972,10,250,250,250,7049
1718591871824,10,250,250,250,6954
1718591898488,10,250,250,250,6971
1718591925488,10,250,250,250,7066
1718591952340,10,250,250,250,7106
1718591979696,10,250,250,250,7296
1718592008697,10,250,250,250,7424
1718592039365,10,250,250,250,7307
1718592066960,10,250,250,250,7339
1718592096848,10,250,250,250,7633
1718592126080,10,250,250,250,7057
1718592152876,10,250,250,250,7673
1718592182272,10,250,250,250,7354
1718592210268,10,250,250,250,6917
1718592239016,10,250,250,250,7126
1718592266948,10,250,250,250,6984
1718592295232,10,250,250,250,6933
1718592323700,10,250,250,250,7392
1718592352324,11,250,250,250,6900
1718592380732,11,250,250,250,6492
1718592409524,11,250,250,250,6728
1718592438600,11,250,250,250,6649
1718592466880,11,250,250,250,7050
1718592495772,11,250,250,250,6638
1718592524456,11,250,250,250,6603
1718592551728,11,250,250,250,6414
1718592579932,11,250,250,250,6716
1718592608268,11,250,250,250,6610
1718592637252,11,250,250,250,6807
1718592665540,11,250,250,250,6625
1718592692636,11,250,250,250,6871
1718592722328,11,250,250,250,6462
1718592749312,11,250,250,250,6453
1718592777672,11,250,250,250,6565
1718592805788,11,250,250,250,6929
1718592833600,11,250,250,250,6730
1718592861188,11,250,250,250,6443
1718592891340,11,250,250,250,6780
1718592919804,11,250,250,250,6690
1718592946916,11,250,250,250,6655
1718592975760,11,250,250,250,6809
1718593004412,11,250,250,250,6769
1718593031728,11,250,250,250,7590
1718593059848,11,250,250,250,6858
1718593087452,11,250,250,250,6548
1718593115048,11,250,250,250,6832
1718593143540,11,250,250,250,6680
1718593171676,11,250,250,250,6564
1718593200068,11,250,250,250,6574
1718593227896,11,250,250,250,6829
1718593255720,11,250,250,250,6756
1718593283008,11,250,250,250,6676
1718593311396,11,250,250,250,6708
1718593339172,11,250,250,250,7571
1718593372216,11,250,250,250,6632
1718593400204,11,250,250,250,8512
1718593435180,11,250,250,250,6575
1718593463892,11,250,250,250,6974
1718593493236,11,250,250,250,6700
1718593520968,11,250,250,250,6782
1718593549904,11,250,250,250,6684
1718593577974,11,250,250,250,6617
1718593607652,11,250,250,250,7693
1718593636740,11,250,250,250,6751
1718593665108,11,250,250,250,6793
1718593693140,11,250,250,250,6705
1718593721320,11,250,250,250,6590
1718593748772,11,250,250,250,6878
1718593778583,12,250,250,250,6538
1718593807232,12,250,250,250,6168
1718593836028,12,250,250,250,6312
1718593864620,12,250,250,250,6104
1718593893784,12,250,250,250,6394
1718593921588,12,250,250,250,6261
1718593949896,12,250,250,250,7034
1718593978356,12,250,250,250,6219
1718594006092,12,250,250,250,6601
1718594034896,12,250,250,250,6035
1718594062940,12,250,250,250,6095
1718594091556,12,250,250,250,6244
1718594119532,12,250,250,250,5991
1718594147632,12,250,250,250,6215
1718594175092,12,250,250,250,6256
1718594202996,12,250,250,250,6054
1718594231996,12,250,250,250,6317
1718594261464,12,250,250,250,6280
1718594289121,12,250,250,250,6354
1718594319844,12,250,250,250,6790
1718594349180,12,250,250,250,6023
1718594377968,12,250,250,250,6024
1718594405876,12,250,250,250,6068
1718594434048,12,250,250,250,6344
1718594462296,12,250,250,250,6351
1718594490144,12,250,250,250,6766
1718594519920,12,250,250,250,6217
1718594548804,12,250,250,250,6138
1718594577900,12,250,250,250,6349
1718594605711,12,250,250,250,6249
1718594633948,12,250,250,250,6260
1718594663016,12,250,250,250,6301
1718594691896,12,250,250,250,6054
1718594719720,12,250,250,250,5983
1718594749360,12,250,250,250,6485
1718594778036,12,250,250,250,6207
1718594807576,12,250,250,250,6289
1718594835528,12,250,250,250,6310
1718594865108,12,250,250,250,6651
1718594893576,12,250,250,250,6305
1718594923144,12,250,250,250,6103
1718594950720,12,250,250,250,6231
1718594979076,12,250,250,250,6256
1718595007040,12,250,250,250,6085
1718595035260,12,250,250,250,5950
1718595063216,12,250,250,250,6196
1718595091657,12,250,250,250,5881
1718595120304,12,250,250,250,6203
1718595148636,12,250,250,250,6031
1718595177868,12,250,250,250,6076
1719128978252,2,500,500,500,190126
1719129187394,2,500,500,500,188730
1719129395535,2,500,500,500,190740
1719129605970,2,500,500,500,194336
1719129819767,2,500,500,500,197286
1719130040840,2,500,500,500,199565
1719130259453,2,500,500,500,197536
1719130480232,2,500,500,500,193873
1719130693841,2,500,500,500,188883
1719130902239,2,500,500,500,193231
1719131114634,2,500,500,500,192257
1719131326632,2,500,500,500,197669
1719131544250,2,500,500,500,188504
1719131753416,2,500,500,500,184741
1719131959860,2,500,500,500,186266
1719132166673,2,500,500,500,191471
1719132380082,2,500,500,500,193825
1719132594499,2,500,500,500,198099
1719132813957,2,500,500,500,194100
1719133029104,2,500,500,500,201520
1719133251412,2,500,500,500,198243
1719133471337,2,500,500,500,192171
1719133685178,2,500,500,500,199893
1719133906672,2,500,500,500,198352
1719134125909,2,500,500,500,198327
1719134344552,2,500,500,500,198029
1719134563473,2,500,500,500,199127
1719134784868,2,500,500,500,199345
1719135007380,2,500,500,500,198757
1719135228553,2,500,500,500,190767
1719135441249,3,500,500,500,92632
1719135557358,3,500,500,500,100093
1719135678489,3,500,500,500,99346
1719135800152,3,500,500,500,100961
1719135922173,3,500,500,500,100320
1719136044683,3,500,500,500,100578
1719136167448,3,500,500,500,101526
1719136291355,3,500,500,500,100964
1719136414138,3,500,500,500,102058
1719136538519,3,500,500,500,101447
1719136663448,3,500,500,500,101666
1719136788098,3,500,500,500,100109
1719136911705,3,500,500,500,101954
1719137037050,3,500,500,500,101059
1719137162793,3,500,500,500,100645
1719137284328,3,500,500,500,100171
1719137406785,3,500,500,500,100767
1719137530084,3,500,500,500,99736
1719137652762,3,500,500,500,101417
1719137776560,3,500,500,500,100707
1719137898928,3,500,500,500,99875
1719138021004,3,500,500,500,99116
1719138143032,3,500,500,500,101284
1719138268021,3,500,500,500,99949
1719138390550,3,500,500,500,100961
1719138515372,3,500,500,500,99549
1719138638465,3,500,500,500,101769
1719138762373,3,500,500,500,100705
1719138884738,3,500,500,500,102017
1719139010262,3,500,500,500,101196
1719139133779,4,500,500,500,68785
1719139224411,4,500,500,500,67665
1719139313791,4,500,500,500,69554
1719139406383,4,500,500,500,67579
1719139496175,4,500,500,500,69186
1719139587535,4,500,500,500,67874
1719139677727,4,500,500,500,71060
1719139773091,4,500,500,500,66777
1719139863591,4,500,500,500,69525
1719139956707,4,500,500,500,67747
1719140047195,4,500,500,500,69948
1719140140300,4,500,500,500,67596
1719140231203,4,500,500,500,69546
1719140324411,4,500,500,500,67770
1719140414823,4,500,500,500,69919
1719140507919,4,500,500,500,68247
1719140600160,4,500,500,500,69233
1719140692807,4,500,500,500,67721
1719140783255,4,500,500,500,69336
1719140875127,4,500,500,500,68117
1719140965732,4,500,500,500,69646
1719141059251,4,500,500,500,67734
1719141149951,4,500,500,500,68989
1719141241419,4,500,500,500,67656
1719141331719,4,500,500,500,68179
1719141422163,4,500,500,500,67973
1719141513475,4,500,500,500,67289
1719141604968,4,500,500,500,68378
1719141696467,4,500,500,500,67452
1719141788070,4,500,500,500,67661
1719141879159,5,500,500,500,53030
1719141956075,5,500,500,500,52948
1719142033340,5,500,500,500,52676
1719142110072,5,500,500,500,52922
1719142185951,5,500,500,500,52337
1719142263360,5,500,500,500,52080
1719142340344,5,500,500,500,53433
1719142419840,5,500,500,500,54002
1719142497756,5,500,500,500,53214
1719142577027,5,500,500,500,53347
1719142654223,5,500,500,500,56876
1719142738624,5,500,500,500,53419
1719142816432,5,500,500,500,52220
1719142893509,5,500,500,500,53432
1719142971772,5,500,500,500,51963
1719143048995,5,500,500,500,53087
1719143128567,5,500,500,500,55439
1719143209035,5,500,500,500,54446
1719143288407,5,500,500,500,52744
1719143367352,5,500,500,500,53127
1719143445548,5,500,500,500,53183
1719143524332,5,500,500,500,52767
1719143602264,5,500,500,500,52858
1719143680943,5,500,500,500,52381
1719143758827,5,500,500,500,52692
1719143836756,5,500,500,500,52935
1719143912743,5,500,500,500,53253
1719143992232,5,500,500,500,55717
1719144072788,5,500,500,500,53350
1719144151532,5,500,500,500,54557
1719144232584,6,500,500,500,42752
1719144303376,6,500,500,500,44404
1719144376656,6,500,500,500,43009
1719144446067,6,500,500,500,43815
1719144516312,6,500,500,500,45813
1719144587999,6,500,500,500,44170
1719144656704,6,500,500,500,44173
1719144726912,6,500,500,500,44015
1719144797527,6,500,500,500,43290
1719144867167,6,500,500,500,43823
1719144936684,6,500,500,500,44044
1719145007976,6,500,500,500,42742
1719145077235,6,500,500,500,42952
1719145147668,6,500,500,500,43978
1719145218980,6,500,500,500,43369
1719145290807,6,500,500,500,44382
1719145360643,6,500,500,500,44018
1719145430279,6,500,500,500,43471
1719145498895,6,500,500,500,43434
1719145570155,6,500,500,500,43247
1719145640531,6,500,500,500,42474
1719145708611,6,500,500,500,42616
1719145777319,6,500,500,500,44097
1719145847059,6,500,500,500,42653
1719145915143,6,500,500,500,44809
1719145985911,6,500,500,500,44341
1719146057695,6,500,500,500,44600
1719146128367,6,500,500,500,43383
1719146198087,6,500,500,500,43251
1719146267927,6,500,500,500,44838
1719146340024,7,500,500,500,37901
1719146404015,7,500,500,500,37311
1719146468027,7,500,500,500,38834
1719146533367,7,500,500,500,37362
1719146596540,7,500,500,500,38185
1719146660555,7,500,500,500,37304
1719146723923,7,500,500,500,37663
1719146788864,7,500,500,500,37872
1719146854684,7,500,500,500,37002
1719146917764,7,500,500,500,39468
1719146984112,7,500,500,500,39380
1719147049768,7,500,500,500,38912
1719147115704,7,500,500,500,37307
1719147182779,7,500,500,500,38544
1719147248924,7,500,500,500,37256
1719147312527,7,500,500,500,37604
1719147376731,7,500,500,500,37706
1719147441655,7,500,500,500,36926
1719147505956,7,500,500,500,37584
1719147569727,7,500,500,500,38355
1719147635811,7,500,500,500,37892
1719147703072,7,500,500,500,38841
1719147769751,7,500,500,500,38902
1719147836104,7,500,500,500,37880
1719147902136,7,500,500,500,38108
1719147967920,7,500,500,500,37451
1719148033128,7,500,500,500,37633
1719148097708,7,500,500,500,37547
1719148164499,7,500,500,500,37950
1719148230555,7,500,500,500,39459
1719148297124,8,500,500,500,34071
1719148358263,8,500,500,500,34366
1719148420108,8,500,500,500,34308
1719148483999,8,500,500,500,34612
1719148546075,8,500,500,500,33684
1719148607295,8,500,500,500,34599
1719148670067,8,500,500,500,32747
1719148729832,8,500,500,500,32925
1719148789984,8,500,500,500,35448
1719148853480,8,500,500,500,32636
1719148915523,8,500,500,500,34739
1719148977275,8,500,500,500,33633
1719149037887,8,500,500,500,34221
1719149101191,8,500,500,500,32095
1719149160647,8,500,500,500,33667
1719149222112,8,500,500,500,33668
1719149285904,8,500,500,500,33172
1719149346936,8,500,500,500,33491
1719149408579,8,500,500,500,34710
1719149472484,8,500,500,500,34444
1719149553688,8,500,500,500,34514
1719149619824,8,500,500,500,35566
1719149686035,8,500,500,500,34849
1719149752951,8,500,500,500,34506
1719149819524,8,500,500,500,33237
1719149884355,8,500,500,500,35177
1719149951315,8,500,500,500,33952
1719150017564,8,500,500,500,33389
1719150082479,8,500,500,500,31828
1719150146368,8,500,500,500,34754
1719150212652,9,500,500,500,35641
1719150280019,9,500,500,500,36071
1719150347804,9,500,500,500,35328
1719150415040,9,500,500,500,36323
1719150484423,9,500,500,500,35459
1719150552108,9,500,500,500,35593
1719150619805,9,500,500,500,36204
1719150688111,9,500,500,500,36632
1719150757028,9,500,500,500,37147
1719150826363,9,500,500,500,37634
1719150896495,9,500,500,500,37346
1719150966983,9,500,500,500,37019
1719151036683,9,500,500,500,36243
1719151107335,9,500,500,500,37039
1719151178327,9,500,500,500,36019
1719151248043,9,500,500,500,35651
1719151317983,9,500,500,500,37815
1719151389768,9,500,500,500,35391
1719151458624,9,500,500,500,35110
1719151525679,9,500,500,500,34184
1719151593040,9,500,500,500,35944
1719151661951,9,500,500,500,35797
1719151730143,9,500,500,500,37461
1719151800411,9,500,500,500,35243
1719151868299,9,500,500,500,35613
1719151938452,9,500,500,500,35748
1719152008919,9,500,500,500,36946
1719152079900,9,500,500,500,37056
1719152151967,9,500,500,500,36280
1719152221087,9,500,500,500,36653
1719152292803,10,500,500,500,33209
1719152360251,10,500,500,500,32715
1719152427043,10,500,500,500,33585
1719152495039,10,500,500,500,33096
1719152562571,10,500,500,500,32895
1719152632112,10,500,500,500,33077
1719152702047,10,500,500,500,32041
1719152771483,10,500,500,500,34660
1719152843560,10,500,500,500,31993
1719152913183,10,500,500,500,35010
1719152988999,10,500,500,500,33194
1719153058183,10,500,500,500,38836
1719153136287,10,500,500,500,33231
1719153212683,10,500,500,500,32154
1719153283027,10,500,500,500,31951
1719153352627,10,500,500,500,33690
1719153423860,10,500,500,500,33073
1719153496743,10,500,500,500,32877
1719153568315,10,500,500,500,32497
1719153640295,10,500,500,500,32835
1719153710630,10,500,500,500,33682
1719153781812,10,500,500,500,33172
1719153854979,10,500,500,500,34734
1719153928463,10,500,500,500,34807
1719154000751,10,500,500,500,32544
1719154070691,10,500,500,500,32149
1719154143703,10,500,500,500,32566
1719154214708,10,500,500,500,32196
1719154283987,10,500,500,500,32277
1719154354431,10,500,500,500,31810
1719154424280,11,500,500,500,32076
1719154494815,11,500,500,500,32339
1719154568795,11,500,500,500,30189
1719154653981,11,500,500,500,31200
1719154726059,11,500,500,500,32120
1719154797127,11,500,500,500,33788
1719154869035,11,500,500,500,32054
1719154941403,11,500,500,500,31686
1719155012287,11,500,500,500,33343
1719155084595,11,500,500,500,32960
1719155156647,11,500,500,500,33780
1719155229820,11,500,500,500,33912
1719155302912,11,500,500,500,32380
1719155374687,11,500,500,500,32058
1719155445231,11,500,500,500,32354
1719155516719,11,500,500,500,32571
1719155587671,11,500,500,500,31774
1719155660447,11,500,500,500,32152
1719155732984,11,500,500,500,31018
1719155805163,11,500,500,500,33820
1719155877562,11,500,500,500,32016
1719155949039,11,500,500,500,31754
1719156020462,11,500,500,500,31111
1719156106344,11,500,500,500,31648
1719156182215,11,500,500,500,32818
1719156255299,11,500,500,500,34169
1719156328479,11,500,500,500,32412
1719156400947,11,500,500,500,32484
1719156472619,11,500,500,500,32963
1719156546539,11,500,500,500,34722
1719156621743,12,500,500,500,36144
1719156697559,12,500,500,500,29483
1719156771020,12,500,500,500,29924
1719156842395,12,500,500,500,29110
1719156911000,12,500,500,500,29577
1719156981251,12,500,500,500,29305
1719157051091,12,500,500,500,29114
1719157121879,12,500,500,500,30240
1719157190051,12,500,500,500,29119
1719157258551,12,500,500,500,28556
1719157325239,12,500,500,500,29022
1719157394527,12,500,500,500,30263
1719157463463,12,500,500,500,29382
1719157531147,12,500,500,500,29648
1719157603179,12,500,500,500,30585
1719157677475,12,500,500,500,30901
1719157749471,12,500,500,500,31004
1719157820419,12,500,500,500,31456
1719157893323,12,500,500,500,33446
1719157967583,12,500,500,500,31021
1719158039451,12,500,500,500,30814
1719158113491,12,500,500,500,31468
1719158186743,12,500,500,500,36738
1719158276391,12,500,500,500,30057
1719158348919,12,500,500,500,30236
1719158421107,12,500,500,500,30896
1719158495873,12,500,500,500,28978
1719158567855,12,500,500,500,29934
1719158642447,12,500,500,500,30074
1719158715304,12,500,500,500,29319
